{"_records":[{"_result":0,"_dateTimeTicks":637475425823765273,"_signsPlacementTime":0.0,"_choicePrioritiesTime":0.0},{"_result":2,"_dateTimeTicks":637475426091700264,"_signsPlacementTime":7.452664375305176,"_choicePrioritiesTime":12.787900924682618}]}